locationId,location,parameter,pm25_value,unit,country,latitude,longitude,datetime_utc
31,Wekerom-Riemterdijk,pm25,5.71492,µg/m³,NL,52.111621,5.708419,2024-12-21 01:00:00+00:00
41,Groningen-Europaweg,pm25,5.08674,µg/m³,NL,53.217796,6.578901,2024-12-21 04:00:00+00:00
41,Groningen-Europaweg,pm25,6.11182,µg/m³,NL,53.217796,6.578901,2024-12-21 03:00:00+00:00
41,Groningen-Europaweg,pm25,5.5199,µg/m³,NL,53.217796,6.578901,2024-12-21 02:00:00+00:00
41,Groningen-Europaweg,pm25,10.5032,µg/m³,NL,53.217796,6.578901,2024-12-21 01:00:00+00:00
47,Valparaiso,pm25,21,µg/m³,CL,-33.0497438,-71.61416723,2024-12-21 02:00:00+00:00
47,Valparaiso,pm25,21,µg/m³,CL,-33.0497438,-71.61416723,2024-12-21 01:00:00+00:00
52,Rotterdam-Oost Sidelinge A13,pm25,6.1,µg/m³,NL,51.938472,4.430692,2024-12-21 04:00:00+00:00
52,Rotterdam-Oost Sidelinge A13,pm25,5.7,µg/m³,NL,51.938472,4.430692,2024-12-21 03:00:00+00:00
52,Rotterdam-Oost Sidelinge A13,pm25,6.7,µg/m³,NL,51.938472,4.430692,2024-12-21 02:00:00+00:00
52,Rotterdam-Oost Sidelinge A13,pm25,8.1,µg/m³,NL,51.938472,4.430692,2024-12-21 01:00:00+00:00
65,Punteras,pm25,12,µg/m³,CL,-36.9233296,-73.0361323,2024-12-21 03:00:00+00:00
65,Punteras,pm25,12,µg/m³,CL,-36.9233296,-73.0361323,2024-12-21 02:00:00+00:00
65,Punteras,pm25,12,µg/m³,CL,-36.9233296,-73.0361323,2024-12-21 01:00:00+00:00
68,Cerro Merquín,pm25,15,µg/m³,CL,-37.02118288,-73.14955555,2024-12-21 02:00:00+00:00
68,Cerro Merquín,pm25,15,µg/m³,CL,-37.02118288,-73.14955555,2024-12-21 01:00:00+00:00
69,Kingston College,pm25,14,µg/m³,CL,-36.78465374,-73.05206303,2024-12-21 02:00:00+00:00
69,Kingston College,pm25,14,µg/m³,CL,-36.78465374,-73.05206303,2024-12-21 01:00:00+00:00
76,De Zilk-Vogelaarsdreef,pm25,2.88664,µg/m³,NL,52.296556,4.510817,2024-12-21 02:00:00+00:00
76,De Zilk-Vogelaarsdreef,pm25,6.85564,µg/m³,NL,52.296556,4.510817,2024-12-21 01:00:00+00:00
157,Bexley - Slade Green Fidas,pm25,4.7,µg/m³,GB,51.46598327,0.184877127,2024-12-21 04:00:00+00:00
157,Bexley - Slade Green Fidas,pm25,5.1,µg/m³,GB,51.46598327,0.184877127,2024-12-21 03:00:00+00:00
157,Bexley - Slade Green Fidas,pm25,5,µg/m³,GB,51.46598327,0.184877127,2024-12-21 02:00:00+00:00
157,Bexley - Slade Green Fidas,pm25,4.9,µg/m³,GB,51.46598327,0.184877127,2024-12-21 01:00:00+00:00
213,Twin Falls PM25,pm25,7,µg/m³,US,42.565089,-114.494717,2024-12-21 04:00:00+00:00
213,Twin Falls PM25,pm25,9,µg/m³,US,42.565089,-114.494717,2024-12-21 03:00:00+00:00
213,Twin Falls PM25,pm25,6,µg/m³,US,42.565089,-114.494717,2024-12-21 02:00:00+00:00
213,Twin Falls PM25,pm25,6,µg/m³,US,42.565089,-114.494717,2024-12-21 01:00:00+00:00
216,South Bend-Shields D,pm25,3.7,µg/m³,US,41.696667,-86.214722,2024-12-21 04:00:00+00:00
216,South Bend-Shields D,pm25,3.9,µg/m³,US,41.696667,-86.214722,2024-12-21 03:00:00+00:00
216,South Bend-Shields D,pm25,3.8,µg/m³,US,41.696667,-86.214722,2024-12-21 02:00:00+00:00
216,South Bend-Shields D,pm25,3.1,µg/m³,US,41.696667,-86.214722,2024-12-21 01:00:00+00:00
220,Larwill,pm25,2.4,µg/m³,US,41.169722,-85.629444,2024-12-21 04:00:00+00:00
220,Larwill,pm25,2,µg/m³,US,41.169722,-85.629444,2024-12-21 03:00:00+00:00
220,Larwill,pm25,2.7,µg/m³,US,41.169722,-85.629444,2024-12-21 02:00:00+00:00
220,Larwill,pm25,3.1,µg/m³,US,41.169722,-85.629444,2024-12-21 01:00:00+00:00
233,Spokane Valley-E Bro,pm25,15,µg/m³,US,47.663962,-117.25765,2024-12-21 04:00:00+00:00
233,Spokane Valley-E Bro,pm25,20,µg/m³,US,47.663962,-117.25765,2024-12-21 03:00:00+00:00
233,Spokane Valley-E Bro,pm25,22,µg/m³,US,47.663962,-117.25765,2024-12-21 02:00:00+00:00
233,Spokane Valley-E Bro,pm25,13,µg/m³,US,47.663962,-117.25765,2024-12-21 01:00:00+00:00
234,Enterprise - US Fore,pm25,24.6,µg/m³,US,45.426351,-117.296066,2024-12-21 04:00:00+00:00
234,Enterprise - US Fore,pm25,18.8,µg/m³,US,45.426351,-117.296066,2024-12-21 03:00:00+00:00
234,Enterprise - US Fore,pm25,20.1,µg/m³,US,45.426351,-117.296066,2024-12-21 02:00:00+00:00
234,Enterprise - US Fore,pm25,13.3,µg/m³,US,45.426351,-117.296066,2024-12-21 01:00:00+00:00
244,Liberty,pm25,4.5,µg/m³,US,39.303056,-94.376389,2024-12-21 04:00:00+00:00
244,Liberty,pm25,4.2,µg/m³,US,39.303056,-94.376389,2024-12-21 03:00:00+00:00
244,Liberty,pm25,2.4,µg/m³,US,39.303056,-94.376389,2024-12-21 02:00:00+00:00
244,Liberty,pm25,8,µg/m³,US,39.303056,-94.376389,2024-12-21 01:00:00+00:00
259,Troost,pm25,6.7,µg/m³,US,39.10465,-94.57055,2024-12-21 04:00:00+00:00
259,Troost,pm25,7,µg/m³,US,39.10465,-94.57055,2024-12-21 03:00:00+00:00
259,Troost,pm25,8.6,µg/m³,US,39.10465,-94.57055,2024-12-21 02:00:00+00:00
259,Troost,pm25,6.6,µg/m³,US,39.10465,-94.57055,2024-12-21 01:00:00+00:00
260,St. Joseph,pm25,10.7,µg/m³,US,39.741667,-94.858333,2024-12-21 04:00:00+00:00
260,St. Joseph,pm25,14.2,µg/m³,US,39.741667,-94.858333,2024-12-21 03:00:00+00:00
260,St. Joseph,pm25,13.6,µg/m³,US,39.741667,-94.858333,2024-12-21 02:00:00+00:00
260,St. Joseph,pm25,7.6,µg/m³,US,39.741667,-94.858333,2024-12-21 01:00:00+00:00
270,Los Ángeles Oriente,pm25,13,µg/m³,CL,-37.46303506,-72.32457516,2024-12-21 02:00:00+00:00
270,Los Ángeles Oriente,pm25,13,µg/m³,CL,-37.46303506,-72.32457516,2024-12-21 01:00:00+00:00
274,Reading Airport,pm25,13,µg/m³,US,40.3833,-75.9686,2024-12-21 04:00:00+00:00
274,Reading Airport,pm25,11.1,µg/m³,US,40.3833,-75.9686,2024-12-21 03:00:00+00:00
274,Reading Airport,pm25,8.3,µg/m³,US,40.3833,-75.9686,2024-12-21 02:00:00+00:00
274,Reading Airport,pm25,6.1,µg/m³,US,40.3833,-75.9686,2024-12-21 01:00:00+00:00
282,Pinedale Gaseous,pm25,2.1,µg/m³,US,42.8698,-109.8708,2024-12-21 04:00:00+00:00
282,Pinedale Gaseous,pm25,3.9,µg/m³,US,42.8698,-109.8708,2024-12-21 03:00:00+00:00
282,Pinedale Gaseous,pm25,5.8,µg/m³,US,42.8698,-109.8708,2024-12-21 02:00:00+00:00
282,Pinedale Gaseous,pm25,5.9,µg/m³,US,42.8698,-109.8708,2024-12-21 01:00:00+00:00
289,LOCKELAND,pm25,11.4,µg/m³,US,36.1767,-86.7386,2024-12-21 04:00:00+00:00
289,LOCKELAND,pm25,11.6,µg/m³,US,36.1767,-86.7386,2024-12-21 03:00:00+00:00
289,LOCKELAND,pm25,11.3,µg/m³,US,36.1767,-86.7386,2024-12-21 02:00:00+00:00
289,LOCKELAND,pm25,11.7,µg/m³,US,36.1767,-86.7386,2024-12-21 01:00:00+00:00
294,Mirasol,pm25,13,µg/m³,CL,-41.47950692,-72.96875593,2024-12-21 03:00:00+00:00
294,Mirasol,pm25,13,µg/m³,CL,-41.47950692,-72.96875593,2024-12-21 02:00:00+00:00
294,Mirasol,pm25,13,µg/m³,CL,-41.47950692,-72.96875593,2024-12-21 01:00:00+00:00
296,Bomberos,pm25,22,µg/m³,CL,-22.111064,-70.210828,2024-12-21 03:00:00+00:00
296,Bomberos,pm25,22,µg/m³,CL,-22.111064,-70.210828,2024-12-21 02:00:00+00:00
296,Bomberos,pm25,22,µg/m³,CL,-22.111064,-70.210828,2024-12-21 01:00:00+00:00
287,St. Lina,pm25,7.1,µg/m³,CA,54.216473,-111.50264,2024-12-21 04:00:00+00:00
287,St. Lina,pm25,6.3,µg/m³,CA,54.216473,-111.50264,2024-12-21 03:00:00+00:00
287,St. Lina,pm25,5.9,µg/m³,CA,54.216473,-111.50264,2024-12-21 02:00:00+00:00
287,St. Lina,pm25,5.2,µg/m³,CA,54.216473,-111.50264,2024-12-21 01:00:00+00:00
297,Steeper,pm25,0.2,µg/m³,CA,53.1325,-117.09111,2024-12-21 04:00:00+00:00
297,Steeper,pm25,0.3,µg/m³,CA,53.1325,-117.09111,2024-12-21 03:00:00+00:00
297,Steeper,pm25,0.3,µg/m³,CA,53.1325,-117.09111,2024-12-21 02:00:00+00:00
297,Steeper,pm25,0.3,µg/m³,CA,53.1325,-117.09111,2024-12-21 01:00:00+00:00
298,Bruderheim,pm25,14.5,µg/m³,CA,53.800117,-112.927795,2024-12-21 03:00:00+00:00
314,Indpls - I-70 E,pm25,7.9,µg/m³,US,39.787933,-86.13088,2024-12-21 04:00:00+00:00
314,Indpls - I-70 E,pm25,8.9,µg/m³,US,39.787933,-86.13088,2024-12-21 03:00:00+00:00
314,Indpls - I-70 E,pm25,10.7,µg/m³,US,39.787933,-86.13088,2024-12-21 02:00:00+00:00
314,Indpls - I-70 E,pm25,12,µg/m³,US,39.787933,-86.13088,2024-12-21 01:00:00+00:00
326,Jackson NCORE,pm25,6.5,µg/m³,US,32.329042,-90.182659,2024-12-21 04:00:00+00:00
326,Jackson NCORE,pm25,5.8,µg/m³,US,32.329042,-90.182659,2024-12-21 03:00:00+00:00
326,Jackson NCORE,pm25,5.3,µg/m³,US,32.329042,-90.182659,2024-12-21 02:00:00+00:00
326,Jackson NCORE,pm25,5.7,µg/m³,US,32.329042,-90.182659,2024-12-21 01:00:00+00:00
338,Estaci�n Hospital Ge,pm25,11.1,µg/m³,MX,20.9479,-101.4258,2024-12-21 04:00:00+00:00
338,Estaci�n Hospital Ge,pm25,10.6,µg/m³,MX,20.9479,-101.4258,2024-12-21 03:00:00+00:00
338,Estaci�n Hospital Ge,pm25,11.4,µg/m³,MX,20.9479,-101.4258,2024-12-21 02:00:00+00:00
338,Estaci�n Hospital Ge,pm25,15.7,µg/m³,MX,20.9479,-101.4258,2024-12-21 01:00:00+00:00
339,Waco C1037,pm25,10.9,µg/m³,US,31.6531,-97.0706,2024-12-21 04:00:00+00:00
339,Waco C1037,pm25,9,µg/m³,US,31.6531,-97.0706,2024-12-21 03:00:00+00:00
339,Waco C1037,pm25,8.3,µg/m³,US,31.6531,-97.0706,2024-12-21 02:00:00+00:00
339,Waco C1037,pm25,10.2,µg/m³,US,31.6531,-97.0706,2024-12-21 01:00:00+00:00
341,St. Marks Wildlife R,pm25,7.7,µg/m³,US,30.0842,-84.1617,2024-12-21 04:00:00+00:00
341,St. Marks Wildlife R,pm25,9.3,µg/m³,US,30.0842,-84.1617,2024-12-21 03:00:00+00:00
341,St. Marks Wildlife R,pm25,6.8,µg/m³,US,30.0842,-84.1617,2024-12-21 01:00:00+00:00
342,Lancaster,pm25,14.2,µg/m³,US,40.0467,-76.2833,2024-12-21 04:00:00+00:00
342,Lancaster,pm25,13.7,µg/m³,US,40.0467,-76.2833,2024-12-21 03:00:00+00:00
342,Lancaster,pm25,12.1,µg/m³,US,40.0467,-76.2833,2024-12-21 02:00:00+00:00
342,Lancaster,pm25,12.7,µg/m³,US,40.0467,-76.2833,2024-12-21 01:00:00+00:00
358,Albemarle HS,pm25,8.6,µg/m³,US,38.07657,-78.50397,2024-12-21 04:00:00+00:00
358,Albemarle HS,pm25,7.4,µg/m³,US,38.07657,-78.50397,2024-12-21 03:00:00+00:00
358,Albemarle HS,pm25,7.7,µg/m³,US,38.07657,-78.50397,2024-12-21 02:00:00+00:00
358,Albemarle HS,pm25,7.5,µg/m³,US,38.07657,-78.50397,2024-12-21 01:00:00+00:00
360,Patricia McInnes,pm25,6.1,µg/m³,CA,56.7522,-111.4761,2024-12-21 04:00:00+00:00
360,Patricia McInnes,pm25,8.4,µg/m³,CA,56.7522,-111.4761,2024-12-21 03:00:00+00:00
360,Patricia McInnes,pm25,6.5,µg/m³,CA,56.7522,-111.4761,2024-12-21 02:00:00+00:00
360,Patricia McInnes,pm25,6.8,µg/m³,CA,56.7522,-111.4761,2024-12-21 01:00:00+00:00
361,Tonawanda II,pm25,6.6,µg/m³,US,42.9981,-78.8993,2024-12-21 04:00:00+00:00
361,Tonawanda II,pm25,6.9,µg/m³,US,42.9981,-78.8993,2024-12-21 03:00:00+00:00
361,Tonawanda II,pm25,7.2,µg/m³,US,42.9981,-78.8993,2024-12-21 02:00:00+00:00
361,Tonawanda II,pm25,7.2,µg/m³,US,42.9981,-78.8993,2024-12-21 01:00:00+00:00
364,Colegio Pedro Vergara Keller,pm25,45,µg/m³,CL,-22.44283906,-68.93254635,2024-12-21 03:00:00+00:00
364,Colegio Pedro Vergara Keller,pm25,44,µg/m³,CL,-22.44283906,-68.93254635,2024-12-21 02:00:00+00:00
364,Colegio Pedro Vergara Keller,pm25,40,µg/m³,CL,-22.44283906,-68.93254635,2024-12-21 01:00:00+00:00
382,Elk Island,pm25,11.3,µg/m³,CA,53.6825,-112.8686,2024-12-21 03:00:00+00:00
383,Malta,pm25,1.9,µg/m³,US,48.317507,-107.862471,2024-12-21 04:00:00+00:00
383,Malta,pm25,6,µg/m³,US,48.317507,-107.862471,2024-12-21 03:00:00+00:00
383,Malta,pm25,4.5,µg/m³,US,48.317507,-107.862471,2024-12-21 02:00:00+00:00
383,Malta,pm25,7.2,µg/m³,US,48.317507,-107.862471,2024-12-21 01:00:00+00:00
385,Newburgh,pm25,4.6,µg/m³,US,41.4994,-74.0097,2024-12-21 04:00:00+00:00
385,Newburgh,pm25,5.3,µg/m³,US,41.4994,-74.0097,2024-12-21 03:00:00+00:00
385,Newburgh,pm25,5.9,µg/m³,US,41.4994,-74.0097,2024-12-21 02:00:00+00:00
385,Newburgh,pm25,4.4,µg/m³,US,41.4994,-74.0097,2024-12-21 01:00:00+00:00
384,CCNY,pm25,7.6,µg/m³,US,40.8197,-73.9481,2024-12-21 04:00:00+00:00
384,CCNY,pm25,7,µg/m³,US,40.8197,-73.9481,2024-12-21 03:00:00+00:00
384,CCNY,pm25,4.8,µg/m³,US,40.8197,-73.9481,2024-12-21 02:00:00+00:00
384,CCNY,pm25,4.8,µg/m³,US,40.8197,-73.9481,2024-12-21 01:00:00+00:00
390,RED DEER RIVERSIDE D,pm25,24.9,µg/m³,CA,52.2989,-113.7942,2024-12-21 04:00:00+00:00
390,RED DEER RIVERSIDE D,pm25,24.7,µg/m³,CA,52.2989,-113.7942,2024-12-21 03:00:00+00:00
390,RED DEER RIVERSIDE D,pm25,24,µg/m³,CA,52.2989,-113.7942,2024-12-21 02:00:00+00:00
390,RED DEER RIVERSIDE D,pm25,23.5,µg/m³,CA,52.2989,-113.7942,2024-12-21 01:00:00+00:00
381,Rockland Cty,pm25,3.8,µg/m³,US,41.182079,-74.028191,2024-12-21 04:00:00+00:00
381,Rockland Cty,pm25,5.6,µg/m³,US,41.182079,-74.028191,2024-12-21 03:00:00+00:00
381,Rockland Cty,pm25,5.5,µg/m³,US,41.182079,-74.028191,2024-12-21 02:00:00+00:00
381,Rockland Cty,pm25,5.3,µg/m³,US,41.182079,-74.028191,2024-12-21 01:00:00+00:00
399,Puren,pm25,13,µg/m³,CL,-36.61616775,-72.09304056,2024-12-21 01:00:00+00:00
410,West Phoenix,pm25,31.5,µg/m³,US,33.483799,-112.142601,2024-12-21 04:00:00+00:00
410,West Phoenix,pm25,61.4,µg/m³,US,33.483799,-112.142601,2024-12-21 03:00:00+00:00
410,West Phoenix,pm25,42.1,µg/m³,US,33.483799,-112.142601,2024-12-21 02:00:00+00:00
410,West Phoenix,pm25,16.4,µg/m³,US,33.483799,-112.142601,2024-12-21 01:00:00+00:00
210,Liceo Polivalente,pm25,15,µg/m³,CL,-36.60171321,-72.95852283,2024-12-21 03:00:00+00:00
210,Liceo Polivalente,pm25,15,µg/m³,CL,-36.60171321,-72.95852283,2024-12-21 02:00:00+00:00
210,Liceo Polivalente,pm25,15,µg/m³,CL,-36.60171321,-72.95852283,2024-12-21 01:00:00+00:00
439,Saint-Faustin-Lac-Ca,pm25,4.7,µg/m³,CA,46.035,-74.4819,2024-12-21 04:00:00+00:00
439,Saint-Faustin-Lac-Ca,pm25,4.4,µg/m³,CA,46.035,-74.4819,2024-12-21 03:00:00+00:00
439,Saint-Faustin-Lac-Ca,pm25,3.9,µg/m³,CA,46.035,-74.4819,2024-12-21 02:00:00+00:00
439,Saint-Faustin-Lac-Ca,pm25,4.1,µg/m³,CA,46.035,-74.4819,2024-12-21 01:00:00+00:00
442,North Phoenix,pm25,12.5,µg/m³,US,33.560299,-112.066299,2024-12-21 04:00:00+00:00
442,North Phoenix,pm25,16.1,µg/m³,US,33.560299,-112.066299,2024-12-21 03:00:00+00:00
442,North Phoenix,pm25,18.3,µg/m³,US,33.560299,-112.066299,2024-12-21 02:00:00+00:00
442,North Phoenix,pm25,9.7,µg/m³,US,33.560299,-112.066299,2024-12-21 01:00:00+00:00
448,Boston - Roxbury,pm25,5.4,µg/m³,US,42.329399,-71.082497,2024-12-21 02:00:00+00:00
448,Boston - Roxbury,pm25,5.5,µg/m³,US,42.329399,-71.082497,2024-12-21 01:00:00+00:00
452,Boston-Von Hillern,pm25,7.2,µg/m³,US,42.325197,-71.056056,2024-12-21 02:00:00+00:00
452,Boston-Von Hillern,pm25,6.3,µg/m³,US,42.325197,-71.056056,2024-12-21 01:00:00+00:00
455,Bozeman EBAM,pm25,1,µg/m³,US,45.683774,-111.056327,2024-12-21 04:00:00+00:00
455,Bozeman EBAM,pm25,28,µg/m³,US,45.683774,-111.056327,2024-12-21 03:00:00+00:00
455,Bozeman EBAM,pm25,1,µg/m³,US,45.683774,-111.056327,2024-12-21 01:00:00+00:00
456,Beaverlodge,pm25,17.1,µg/m³,CA,55.1964,-119.3967,2024-12-21 04:00:00+00:00
456,Beaverlodge,pm25,16,µg/m³,CA,55.1964,-119.3967,2024-12-21 03:00:00+00:00
456,Beaverlodge,pm25,12.3,µg/m³,CA,55.1964,-119.3967,2024-12-21 02:00:00+00:00
456,Beaverlodge,pm25,11.5,µg/m³,CA,55.1964,-119.3967,2024-12-21 01:00:00+00:00
466,Brockton,pm25,2.9,µg/m³,US,42.065119,-71.012686,2024-12-21 02:00:00+00:00
466,Brockton,pm25,3.1,µg/m³,US,42.065119,-71.012686,2024-12-21 01:00:00+00:00
469,Hamilton,pm25,9.7,µg/m³,US,46.243621,-114.158889,2024-12-21 04:00:00+00:00
469,Hamilton,pm25,20.5,µg/m³,US,46.243621,-114.158889,2024-12-21 03:00:00+00:00
469,Hamilton,pm25,21,µg/m³,US,46.243621,-114.158889,2024-12-21 02:00:00+00:00
469,Hamilton,pm25,17,µg/m³,US,46.243621,-114.158889,2024-12-21 01:00:00+00:00
472,Portsmouth,pm25,3.2,µg/m³,US,43.075371,-70.748017,2024-12-21 04:00:00+00:00
472,Portsmouth,pm25,3.4,µg/m³,US,43.075371,-70.748017,2024-12-21 03:00:00+00:00
472,Portsmouth,pm25,3.5,µg/m³,US,43.075371,-70.748017,2024-12-21 02:00:00+00:00
472,Portsmouth,pm25,3.4,µg/m³,US,43.075371,-70.748017,2024-12-21 01:00:00+00:00
477,Qu�bec - �cole Les P,pm25,4.3,µg/m³,CA,46.77417,-71.36972,2024-12-21 04:00:00+00:00
477,Qu�bec - �cole Les P,pm25,5.2,µg/m³,CA,46.77417,-71.36972,2024-12-21 03:00:00+00:00
477,Qu�bec - �cole Les P,pm25,5.2,µg/m³,CA,46.77417,-71.36972,2024-12-21 02:00:00+00:00
477,Qu�bec - �cole Les P,pm25,5.3,µg/m³,CA,46.77417,-71.36972,2024-12-21 01:00:00+00:00
482,Saint-Z�phirin-de-Co,pm25,3.5,µg/m³,CA,46.0419,-72.66,2024-12-21 04:00:00+00:00
482,Saint-Z�phirin-de-Co,pm25,3.5,µg/m³,CA,46.0419,-72.66,2024-12-21 03:00:00+00:00
482,Saint-Z�phirin-de-Co,pm25,3.6,µg/m³,CA,46.0419,-72.66,2024-12-21 02:00:00+00:00
482,Saint-Z�phirin-de-Co,pm25,3.4,µg/m³,CA,46.0419,-72.66,2024-12-21 01:00:00+00:00
484,Butte,pm25,20.9,µg/m³,US,46.002399,-112.500893,2024-12-21 04:00:00+00:00
484,Butte,pm25,21.2,µg/m³,US,46.002399,-112.500893,2024-12-21 03:00:00+00:00
484,Butte,pm25,17.1,µg/m³,US,46.002399,-112.500893,2024-12-21 02:00:00+00:00
484,Butte,pm25,17.2,µg/m³,US,46.002399,-112.500893,2024-12-21 01:00:00+00:00
485,B�cancour,pm25,4.9,µg/m³,CA,46.35,-72.4333,2024-12-21 04:00:00+00:00
485,B�cancour,pm25,5.8,µg/m³,CA,46.35,-72.4333,2024-12-21 03:00:00+00:00
485,B�cancour,pm25,10.2,µg/m³,CA,46.35,-72.4333,2024-12-21 02:00:00+00:00
485,B�cancour,pm25,5.9,µg/m³,CA,46.35,-72.4333,2024-12-21 01:00:00+00:00
486,Columbia Falls,pm25,19.2,µg/m³,US,48.363694,-114.189272,2024-12-21 04:00:00+00:00
486,Columbia Falls,pm25,17.7,µg/m³,US,48.363694,-114.189272,2024-12-21 03:00:00+00:00
486,Columbia Falls,pm25,22.1,µg/m³,US,48.363694,-114.189272,2024-12-21 02:00:00+00:00
486,Columbia Falls,pm25,21.6,µg/m³,US,48.363694,-114.189272,2024-12-21 01:00:00+00:00
490,Athabasca Valley,pm25,6.6,µg/m³,CA,56.7328,-111.39,2024-12-21 04:00:00+00:00
490,Athabasca Valley,pm25,6.1,µg/m³,CA,56.7328,-111.39,2024-12-21 03:00:00+00:00
490,Athabasca Valley,pm25,6.2,µg/m³,CA,56.7328,-111.39,2024-12-21 02:00:00+00:00
490,Athabasca Valley,pm25,6.4,µg/m³,CA,56.7328,-111.39,2024-12-21 01:00:00+00:00
494,Seeley Lake,pm25,11.2,µg/m³,US,47.17563,-113.476182,2024-12-21 04:00:00+00:00
494,Seeley Lake,pm25,27,µg/m³,US,47.17563,-113.476182,2024-12-21 03:00:00+00:00
494,Seeley Lake,pm25,20.6,µg/m³,US,47.17563,-113.476182,2024-12-21 02:00:00+00:00
494,Seeley Lake,pm25,33.8,µg/m³,US,47.17563,-113.476182,2024-12-21 01:00:00+00:00
496,Cold Lake South,pm25,11,µg/m³,CA,54.4138,-110.2331,2024-12-21 04:00:00+00:00
496,Cold Lake South,pm25,10.2,µg/m³,CA,54.4138,-110.2331,2024-12-21 03:00:00+00:00
496,Cold Lake South,pm25,9.9,µg/m³,CA,54.4138,-110.2331,2024-12-21 02:00:00+00:00
496,Cold Lake South,pm25,10.5,µg/m³,CA,54.4138,-110.2331,2024-12-21 01:00:00+00:00
500,Frenchtown,pm25,8.3,µg/m³,US,47.012907,-114.224273,2024-12-21 04:00:00+00:00
500,Frenchtown,pm25,9.1,µg/m³,US,47.012907,-114.224273,2024-12-21 03:00:00+00:00
500,Frenchtown,pm25,13.2,µg/m³,US,47.012907,-114.224273,2024-12-21 02:00:00+00:00
500,Frenchtown,pm25,14.4,µg/m³,US,47.012907,-114.224273,2024-12-21 01:00:00+00:00
504,Fort Saskatchewan,pm25,18,µg/m³,CA,53.6989,-113.2233,2024-12-21 04:00:00+00:00
504,Fort Saskatchewan,pm25,18.5,µg/m³,CA,53.6989,-113.2233,2024-12-21 03:00:00+00:00
504,Fort Saskatchewan,pm25,18,µg/m³,CA,53.6989,-113.2233,2024-12-21 02:00:00+00:00
504,Fort Saskatchewan,pm25,18.1,µg/m³,CA,53.6989,-113.2233,2024-12-21 01:00:00+00:00
505,Fort McKay,pm25,5.4,µg/m³,CA,57.1889,-111.6406,2024-12-21 04:00:00+00:00
505,Fort McKay,pm25,4.2,µg/m³,CA,57.1889,-111.6406,2024-12-21 03:00:00+00:00
505,Fort McKay,pm25,5.2,µg/m³,CA,57.1889,-111.6406,2024-12-21 02:00:00+00:00
505,Fort McKay,pm25,7.4,µg/m³,CA,57.1889,-111.6406,2024-12-21 01:00:00+00:00
507,Worcester,pm25,4.9,µg/m³,US,42.263901,-71.794701,2024-12-21 02:00:00+00:00
507,Worcester,pm25,4.8,µg/m³,US,42.263901,-71.794701,2024-12-21 01:00:00+00:00
499,W Greenwich,pm25,2,µg/m³,US,41.615,-71.7197,2024-12-21 04:00:00+00:00
499,W Greenwich,pm25,2,µg/m³,US,41.615,-71.7197,2024-12-21 03:00:00+00:00
499,W Greenwich,pm25,3,µg/m³,US,41.615,-71.7197,2024-12-21 02:00:00+00:00
499,W Greenwich,pm25,4,µg/m³,US,41.615,-71.7197,2024-12-21 01:00:00+00:00
509,Fort Chipewyan,pm25,3.7,µg/m³,CA,58.7083,-111.1764,2024-12-21 04:00:00+00:00
509,Fort Chipewyan,pm25,3.3,µg/m³,CA,58.7083,-111.1764,2024-12-21 03:00:00+00:00
509,Fort Chipewyan,pm25,3.2,µg/m³,CA,58.7083,-111.1764,2024-12-21 02:00:00+00:00
509,Fort Chipewyan,pm25,3.2,µg/m³,CA,58.7083,-111.1764,2024-12-21 01:00:00+00:00
512,Sleeping Giant,pm25,1.4,µg/m³,US,46.8505,-111.987164,2024-12-21 04:00:00+00:00
512,Sleeping Giant,pm25,6.5,µg/m³,US,46.8505,-111.987164,2024-12-21 03:00:00+00:00
514,South Phoenix,pm25,41.5,µg/m³,US,33.4033,-112.0731,2024-12-21 04:00:00+00:00
514,South Phoenix,pm25,35,µg/m³,US,33.4033,-112.0731,2024-12-21 03:00:00+00:00
514,South Phoenix,pm25,25.8,µg/m³,US,33.4033,-112.0731,2024-12-21 02:00:00+00:00
514,South Phoenix,pm25,18.2,µg/m³,US,33.4033,-112.0731,2024-12-21 01:00:00+00:00
524,Greenfield,pm25,3.8,µg/m³,US,42.605816,-72.596689,2024-12-21 02:00:00+00:00
524,Greenfield,pm25,3.8,µg/m³,US,42.605816,-72.596689,2024-12-21 01:00:00+00:00
526,Tempe,pm25,17.3,µg/m³,US,33.4124,-111.9347,2024-12-21 04:00:00+00:00
526,Tempe,pm25,17.7,µg/m³,US,33.4124,-111.9347,2024-12-21 03:00:00+00:00
526,Tempe,pm25,17,µg/m³,US,33.4124,-111.9347,2024-12-21 02:00:00+00:00
526,Tempe,pm25,16.4,µg/m³,US,33.4124,-111.9347,2024-12-21 01:00:00+00:00
534,Missoula,pm25,12.7,µg/m³,US,46.842297,-114.020549,2024-12-21 04:00:00+00:00
534,Missoula,pm25,11.8,µg/m³,US,46.842297,-114.020549,2024-12-21 03:00:00+00:00
534,Missoula,pm25,11.3,µg/m³,US,46.842297,-114.020549,2024-12-21 02:00:00+00:00
534,Missoula,pm25,10.6,µg/m³,US,46.842297,-114.020549,2024-12-21 01:00:00+00:00
535,Great Falls,pm25,9.9,µg/m³,US,47.494318,-111.303317,2024-12-21 04:00:00+00:00
535,Great Falls,pm25,10.5,µg/m³,US,47.494318,-111.303317,2024-12-21 03:00:00+00:00
535,Great Falls,pm25,8,µg/m³,US,47.494318,-111.303317,2024-12-21 02:00:00+00:00
535,Great Falls,pm25,11.2,µg/m³,US,47.494318,-111.303317,2024-12-21 01:00:00+00:00
537,Lethbridge,pm25,1.1,µg/m³,CA,49.7164,-112.8006,2024-12-21 04:00:00+00:00
537,Lethbridge,pm25,1,µg/m³,CA,49.7164,-112.8006,2024-12-21 03:00:00+00:00
537,Lethbridge,pm25,1,µg/m³,CA,49.7164,-112.8006,2024-12-21 02:00:00+00:00
537,Lethbridge,pm25,1.3,µg/m³,CA,49.7164,-112.8006,2024-12-21 01:00:00+00:00
530,WARE,pm25,3.1,µg/m³,US,42.298302,-72.334396,2024-12-21 02:00:00+00:00
